institution_count	pct_pop_18_to_64_latinx	pct_pop_18_to_64_white	pct_pop_18_to_64_black	pct_pop_18_to_64_all
0	1.0023966177658497	1.0091725759858652	0.9979065994684655	1.0035289942648553
1	0.44426240275478524	0.3362322932039371	0.5279852401676148	0.4360153740646969
