institution_count	pct_pop_18_to_64_latinx	pct_pop_18_to_64_white	pct_pop_18_to_64_black	pct_pop_18_to_64_all
0	1.0023966177658497	1.0091725759858652	0.9979065994684654	1.0035289942648553
1	0.07509547020277385	0.02476183549511675	0.07889243115026769	0.05876762397782567
