institution_count	pct_pop_18_to_64_latinx	pct_pop_18_to_64_white	pct_pop_18_to_64_black	pct_pop_18_to_64_all
0	1.0023966177658494	1.0091725759858652	0.9979065994684654	1.0035289942648553
1	0.10405100721946096	0.08200725287686023	0.12240227813530172	0.099916175474706
2	0.012024792247791929	0.015678131869962687	0.023000968253407653	0.016194933912210878
3	0.0006825089734415713	0.0022400442374990682	0.0010481167905303133	0.0015354602684047492
