institution_count	pct_pop_18_to_64_latinx	pct_pop_18_to_64_white	pct_pop_18_to_64_black	pct_pop_18_to_64_all
0	1.0023966177658497	1.0091725759858652	0.9979065994684656	1.0035289942648553
1	0.058725003057597175	0.09436081813154885	0.08506274812056042	0.0823572744360155
2	0.006447984333467277	0.023155905829265556	0.022488101325291564	0.01809946799800655
3	0.0024747278355815613	0.01189937664393003	0.005212887223865208	0.008359733631665816
4	0.00031248405566979996	0.0009801507557846362	0.0005432454829573549	0.0007152288326728056
