institution_count	pct_pop_18_to_64_latinx	pct_pop_18_to_64_white	pct_pop_18_to_64_black	pct_pop_18_to_64_all
0	1.0023966177658497	1.009172575985865	0.9979065994684653	1.0035289942648553
1	0.11195217439744393	0.15563181284095595	0.15723194620693728	0.14705053923439287
2	0.012458145580324726	0.047046472788665396	0.014085295753399956	0.028669724523990615
3	0.00023954532417006788	0.0013508586074857836	0.00016518410796058803	0.0006717286959903329
4	2.5439774094759963e-05	0.00016947810809518437	1.3213199036940818e-05	8.047930861215708e-05
