institution_count	pct_pop_18_to_64_latinx	pct_pop_18_to_64_white	pct_pop_18_to_64_black	pct_pop_18_to_64_all
0	1.0023966177658494	1.0091725759858652	0.9979065994684655	1.0035289942648553
1	0.28302244196029397	0.23665013453406694	0.3214133539999784	0.2796836377419224
2	0.09154860789444585	0.12003056164026643	0.09013447354828524	0.10659500804894305
3	0.009014583222440135	0.01009504454775728	0.005240127996967163	0.008996997979800397
4	0.00018777426613220263	0.0008427413546329853	0.00016663878125016941	0.0004544887662529471
