institution_count	pct_pop_18_to_64_latinx	pct_pop_18_to_64_white	pct_pop_18_to_64_black	pct_pop_18_to_64_all
0	1.0023966177658497	1.0091725759858652	0.9979065994684654	1.0035289942648553
1	0.018001883892491792	0.01983846678232839	0.010144788023826143	0.017824809115969797
2	0.00015297387577615324	0.000896151414568221	0.00016716418779786903	0.0004811434868640952
