institution_count	pct_pop_18_to_64_latinx	pct_pop_18_to_64_white	pct_pop_18_to_64_black	pct_pop_18_to_64_all
0	1.0023966177658494	1.0091725759858652	0.9979065994684654	1.0035289942648553
1	0.15641510522935873	0.08111716914531635	0.15142216294213823	0.12665186121184585
2	0.03059108809713627	0.018280856216710047	0.03674109634788998	0.027077195242362406
3	0.003882498075641401	0.002048037073573508	0.0031073002150633676	0.002811206290095905
