institution_count	pct_pop_18_to_64_latinx	pct_pop_18_to_64_white	pct_pop_18_to_64_black	pct_pop_18_to_64_all
0	1.0023966177658494	1.0091725759858652	0.9979065994684655	1.0035289942648553
1	0.0790528713044115	0.04571787821682533	0.09519408261778425	0.06885941695706901
2	0.0001738379210767803	0.00036483967989469593	0.00025807855108705014	0.0002693936901150651
