institution_count	pct_pop_18_to_64_latinx	pct_pop_18_to_64_white	pct_pop_18_to_64_black	pct_pop_18_to_64_all
0	1.0023966177658494	1.009172575985865	0.9979065994684654	1.0035289942648553
1	0.08751727657620971	0.0754741136263178	0.07994334261783523	0.08275428857421394
2	0.007719719118571466	0.01268379378324983	0.009978145023695977	0.010179211785556827
3	4.27447257518309e-05	0.0001149263405449187	9.319857025608518e-05	7.940491589611554e-05
