institution_count	pct_pop_18_to_64_latinx	pct_pop_18_to_64_white	pct_pop_18_to_64_black	pct_pop_18_to_64_all
0	1.0023966177658494	1.0091725759858652	0.9979065994684655	1.0035289942648553
1	0.8303138829063259	0.624041230121882	0.856418623671655	0.7641044642140072
