institution_count	pct_pop_18_to_64_latinx	pct_pop_18_to_64_white	pct_pop_18_to_64_black	pct_pop_18_to_64_all
0	1.0023966177658497	1.0091725759858652	0.9979065994684655	1.0035289942648553
1	0.021278128978010725	0.042658051674201766	0.044322474159202256	0.03657179559740748
2	0.0011622020920860183	0.004960659779534476	0.004414515665820502	0.004029458114662779
3	0.0004858866272279209	0.0029063073998700914	0.000587659160059467	0.0019089903917553315
