institution_count	pct_pop_18_to_64_latinx	pct_pop_18_to_64_white	pct_pop_18_to_64_black	pct_pop_18_to_64_all
0	1.0023966177658494	1.0091725759858652	0.9979065994684654	1.0035289942648553
1	0.990179209448067	0.9781555512019933	0.9869453973466727	0.9854286934830362
2	0.9749789053256926	0.9532683619734474	0.9726661765026405	0.9676766358802892
3	0.9509446274701964	0.909713900366371	0.9535766580862823	0.9386763150757855
4	0.940292680091606	0.876100054909372	0.9452052643554216	0.9206313239434297
5	0.9113578262604842	0.8063930273931574	0.9232502271464085	0.8788080365936257
6	0.8035228599135942	0.5828462673844792	0.8354826578003957	0.7283223797531191
