institution_count	pct_pop_18_to_64_latinx	pct_pop_18_to_64_white	pct_pop_18_to_64_black	pct_pop_18_to_64_all
0	1.0023966177658494	1.0091725759858652	0.9979065994684654	1.0035289942648553
1	0.31136543209795187	0.20131848812383826	0.3361242325289279	0.27361941470781503
2	0.039063225614997005	0.03618861498958824	0.05740228489484625	0.04126206039895853
3	0.0023092017708777742	0.0009060530557989105	0.004397838765553889	0.0020335161306325065
