institution_count	pct_pop_18_to_64_latinx	pct_pop_18_to_64_white	pct_pop_18_to_64_black	pct_pop_18_to_64_all
0	1.0023966177658494	1.0091725759858652	0.9979065994684655	1.0035289942648555
1	0.029972478536238578	0.016607634297477906	0.04764280747742797	0.02770747500268258
2	0.0023804335859718244	0.0007708616741816384	0.008940291800049847	0.0028576128454279627
