institution_count	pct_pop_18_to_64_latinx	pct_pop_18_to_64_white	pct_pop_18_to_64_black	pct_pop_18_to_64_all
0	1.0023966177658494	1.009172575985865	0.9979065994684654	1.0035289942648553
1	0.9591275204216525	0.9199222705705469	0.9580834005193234	0.9464205885339169
2	0.8867955197679205	0.7252883038463985	0.9099668468952841	0.8354867145880157
3	0.8649903854938437	0.6695384231214535	0.8922777706251659	0.8014289665096893
4	0.8308825293534277	0.6060614892308198	0.8643583650787996	0.7582417721701294
5	0.7800040643071999	0.5501516218612651	0.8178162272160026	0.7063221903632981
6	0.6563486565999594	0.3760761632082502	0.6707042548134418	0.5455171282727782
7	0.27523928393450753	0.12319598054574106	0.22319964543891546	0.19559091262877126
