institution_count	pct_pop_18_to_64_latinx	pct_pop_18_to_64_white	pct_pop_18_to_64_black	pct_pop_18_to_64_all
0	1.0023966177658494	1.009172575985865	0.9979065994684654	1.0035289942648553
1	0.018443941444015195	0.03790554840780303	0.042982216222838064	0.03272063788057201
2	0.004661146953193619	0.015971685693302828	0.021087636406982642	0.014117043600768197
3	0.00037607834820389016	0.0009976024313066276	0.0013944402053537638	0.0009207561269213197
4	8.089193694845618e-08	2.424571171041512e-07	2.1123666438297608e-06	5.258463516936765e-07
