institution_count	pct_pop_18_to_64_latinx	pct_pop_18_to_64_white	pct_pop_18_to_64_black	pct_pop_18_to_64_all
0	1.0023966177658497	1.0091725759858652	0.9979065994684654	1.0035289942648553
1	0.05112658026240369	0.012898956866430495	0.06712367436757846	0.03899635579983397
2	0.0006177693375044233	0.000186560938737857	0.0018069978295530962	0.0006229859957098122
