institution_count	pct_pop_18_to_64_latinx	pct_pop_18_to_64_white	pct_pop_18_to_64_black	pct_pop_18_to_64_all
0	1.0023966177658494	1.0091725759858652	0.9979065994684655	1.0035289942648553
1	0.04468153919761979	0.0357212037296762	0.025987835680561837	0.03846543640076697
2	0.0016149227969452506	0.006131891537417225	0.0017033032064682817	0.003620314358987075
