institution_count	pct_pop_18_to_64_latinx	pct_pop_18_to_64_white	pct_pop_18_to_64_black	pct_pop_18_to_64_all
0	1.0023966177658497	1.0091725759858652	0.9979065994684654	1.0035289942648553
1	0.028141604226297093	0.021118477070196817	0.017379186675406104	0.023779798156920145
