institution_count	pct_pop_18_to_64_latinx	pct_pop_18_to_64_white	pct_pop_18_to_64_black	pct_pop_18_to_64_all
0	1.0023966177658494	1.0091725759858652	0.9979065994684654	1.0035289942648553
1	0.1828984143345497	0.11582768121931539	0.20877809453826546	0.16177069489923296
2	0.006977416642724864	0.008089467689278488	0.011453503022703213	0.00838156575199567
