institution_count	pct_pop_18_to_64_latinx	pct_pop_18_to_64_white	pct_pop_18_to_64_black	pct_pop_18_to_64_all
0	1.0023966177658497	1.0091725759858652	0.9979065994684654	1.0035289942648555
1	0.055720336393943706	0.021286767634588526	0.07278480629498132	0.044849239734093604
2	0.0023804335859718244	0.0007708616741816384	0.008940291800049847	0.0028576128454279627
