institution_count	pct_pop_18_to_64_latinx	pct_pop_18_to_64_white	pct_pop_18_to_64_black	pct_pop_18_to_64_all
0	1.0023966177658494	1.0091725759858652	0.9979065994684654	1.0035289942648553
1	0.2249093780305657	0.13195724399151038	0.23686364329319345	0.18821900964839666
2	0.03574606961943198	0.030913636356540576	0.043465273394605784	0.03523406447045371
3	0.010042146272179196	0.011272419616738166	0.01669223864162414	0.012081304731292585
4	0.0005677941676602346	0.0007557646891150957	0.0016467718241090557	0.000800822230130542
5	3.0308802955603946e-05	8.149028327396338e-05	6.608387472259553e-05	5.630327267916986e-05
