institution_count	pct_pop_18_to_64_latinx	pct_pop_18_to_64_white	pct_pop_18_to_64_black	pct_pop_18_to_64_all
0	1.0023966177658497	1.0091725759858652	0.9979065994684656	1.0035289942648555
1	0.22323500911811692	0.15900780487805205	0.21195232766054034	0.19766189043565546
2	0.06894298242328369	0.0969904390663556	0.055317229690144826	0.07909609139635852
3	0.026389290933139943	0.04558127049501675	0.0259340884060745	0.03445173793094577
4	0.005363245988940186	0.010964597095077805	0.007985669701046121	0.008023800364134845
5	0.0001793185928425007	0.0004631781590771314	0.0003633052892182978	0.00032106346756890694
