institution_count	pct_pop_18_to_64_latinx	pct_pop_18_to_64_white	pct_pop_18_to_64_black	pct_pop_18_to_64_all
0	1.0023966177658494	1.0091725759858652	0.9979065994684654	1.0035289942648553
1	0.1982542664121484	0.09278264758939483	0.228095378809531	0.1674035433668923
2	0.040641481098840915	0.008266245950868445	0.05683412280407284	0.029486054603264204
3	0.006597761770917523	0.0023570605312292835	0.018044493467466942	0.00674932705618448
