institution_count	pct_pop_18_to_64_latinx	pct_pop_18_to_64_white	pct_pop_18_to_64_black	pct_pop_18_to_64_all
0	1.0023966177658494	1.0091725759858652	0.9979065994684654	1.0035289942648553
1	0.20171205386518315	0.13308650347632262	0.2201223234797297	0.17757452743691582
2	0.011617113372963069	0.022349101182044227	0.02322121459065903	0.0184243186814013
3	0.0010459971245682174	0.0024928584389384586	0.0023668685036654772	0.001950839612828316
