institution_count	pct_pop_18_to_64_latinx	pct_pop_18_to_64_white	pct_pop_18_to_64_black	pct_pop_18_to_64_all
0	1.0023966177658494	1.009172575985865	0.9979065994684655	1.0035289942648555
1	0.1427687088331264	0.1312072359622177	0.13622651804862282	0.14171694376839744
2	0.024077072197273185	0.047032005921873336	0.03571978561625379	0.03798593181486255
3	0.0113310395470652	0.030745777515284727	0.018163204828095556	0.0224001241105493
4	0.004298772008100497	0.017497655992983797	0.007087836889688922	0.011360048464455652
5	0.001043573255316406	0.004192365688470189	0.001420882233038	0.0025944032145138528
6	0.00022032117124120136	0.0007727328479117123	0.00024176866292927485	0.000496178787551445
7	5.560071431576767e-05	0.00011404731642474327	6.340061722328887e-05	9.654572898149576e-05
