institution_count	pct_pop_18_to_64_latinx	pct_pop_18_to_64_white	pct_pop_18_to_64_black	pct_pop_18_to_64_all
0	1.0023966177658494	1.0091725759858652	0.9979065994684654	1.0035289942648553
1	0.0581555349216344	0.04844002305071389	0.047243317244429664	0.052668785134166556
2	0.00013324012808598	0.0003377918160354588	8.759410331448593e-05	0.00021882818803719173
