institution_count	pct_pop_18_to_64_latinx	pct_pop_18_to_64_white	pct_pop_18_to_64_black	pct_pop_18_to_64_all
0	1.0023966177658494	1.0091725759858652	0.9979065994684655	1.0035289942648553
1	0.11607201658211784	0.06444123546271951	0.13216850665106494	0.10555049373310675
