institution_count	pct_pop_18_to_64_latinx	pct_pop_18_to_64_white	pct_pop_18_to_64_black	pct_pop_18_to_64_all
0	1.0023966177658494	1.009172575985865	0.9979065994684654	1.0035289942648555
1	0.00794087847734639	0.01828910910058011	0.02919097345627216	0.01746510725081514
2	0.0007462467890071307	0.0030326823478360456	0.003957645935292848	0.002780501541284442
