institution_count	pct_pop_18_to_64_latinx	pct_pop_18_to_64_white	pct_pop_18_to_64_black	pct_pop_18_to_64_all
0	1.0023966177658494	1.009172575985865	0.9979065994684655	1.0035289942648553
1	0.0378468407919043	0.007825160463189899	0.03746825422007259	0.026345223257307687
