institution_count	pct_pop_18_to_64_latinx	pct_pop_18_to_64_white	pct_pop_18_to_64_black	pct_pop_18_to_64_all
0	1.0023966177658494	1.0091725759858652	0.9979065994684654	1.0035289942648553
1	0.049982862263258605	0.044696186049176106	0.03379881808954111	0.04673214152760247
2	0.007563251131143825	0.007691568968711658	0.004486685305891838	0.007498716141144842
