institution_count	pct_pop_18_to_64_latinx	pct_pop_18_to_64_white	pct_pop_18_to_64_black	pct_pop_18_to_64_all
0	1.0023966177658494	1.0091725759858652	0.9979065994684655	1.0035289942648553
1	0.013279739470499385	0.005073796403240596	0.029655420147505874	0.012651132542526288
2	0.0006177693375044233	0.000186560938737857	0.0018069978295530962	0.0006229859957098122
