institution_count	pct_pop_18_to_64_latinx	pct_pop_18_to_64_white	pct_pop_18_to_64_black	pct_pop_18_to_64_all
0	1.0023966177658497	1.009172575985865	0.9979065994684654	1.0035289942648555
1	0.1234691386545934	0.11890596868216947	0.1381176237016353	0.1288618814849861
2	0.07276952840556107	0.08206552306219123	0.07767564687803388	0.08144335957116484
3	0.006633381947524605	0.015782913901580774	0.006764801607726853	0.011565845393943203
4	0.00032660436630903023	0.0009880399941955833	0.00024830144415537815	0.0006596831662616728
