institution_count	pct_pop_18_to_64_latinx	pct_pop_18_to_64_white	pct_pop_18_to_64_black	pct_pop_18_to_64_all
0	1.0023966177658497	1.0091725759858652	0.9979065994684655	1.0035289942648553
1	0.15773629557712562	0.0996837979788551	0.1649313724216248	0.1376299147731011
2	0.0346357522301756	0.025940385347883396	0.03545599668332805	0.03245555462424774
3	0.011076574375327827	0.003976737712163961	0.011928815672500247	0.008388730928115025
4	0.0026162931133737024	0.000986248944858775	0.0024055509259397357	0.0018662556152893354
5	0.000644865961056201	0.0005187729443710911	0.0007805240471861918	0.0006097292569901433
