institution_count	pct_pop_18_to_64_latinx	pct_pop_18_to_64_white	pct_pop_18_to_64_black	pct_pop_18_to_64_all
0	1.0023966177658497	1.0091725759858652	0.9979065994684654	1.0035289942648553
1	0.8097999519584286	0.6417399546732784	0.8317820922491571	0.7446402091762515
2	0.48613738228203923	0.3041613009202445	0.4550444469708248	0.3927688519746022
3	0.2171619529738912	0.13407248056189885	0.13068709051121039	0.16013978623112296
4	0.033738003452825426	0.02062434089534787	0.022358640146742614	0.025598246157953298
5	0.0007109921653520204	0.00020488258635511313	0.0005278910895708986	0.0004890538659168048
