institution_count	pct_pop_18_to_64_latinx	pct_pop_18_to_64_white	pct_pop_18_to_64_black	pct_pop_18_to_64_all
0	1.0023966177658494	1.0091725759858652	0.9979065994684655	1.0035289942648553
1	0.2206731313352405	0.09290691337209565	0.18797853726645858	0.16598832620871304
2	0.08530324866067411	0.03721502624513305	0.07172261110242335	0.0642991112096355
3	0.03002167550535944	0.015064998248770226	0.030260904985552665	0.024827083259452556
4	0.014898252177544277	0.006854489515728956	0.016180522470185095	0.012562771720133854
5	0.0049608257295911794	0.0005393010478885395	0.0014841371853870132	0.0028366729628076324
