institution_count	pct_pop_18_to_64_latinx	pct_pop_18_to_64_white	pct_pop_18_to_64_black	pct_pop_18_to_64_all
0	1.0023966177658494	1.0091725759858652	0.9979065994684654	1.0035289942648553
1	0.020762834260770073	0.03671202947370725	0.03258962026339164	0.029850213427294003
