institution_count	pct_pop_18_to_64_latinx	pct_pop_18_to_64_white	pct_pop_18_to_64_black	pct_pop_18_to_64_all
0	1.0023966177658497	1.009172575985865	0.9979065994684654	1.0035289942648555
1	0.09014013315832614	0.056063383639258904	0.10290401646104322	0.0784422339774447
2	0.002231357962361763	0.007071257171416229	0.004767474264000528	0.004821346768038083
3	4.198705400997465e-05	6.896437199571628e-05	0.00013418736854620435	6.677831560621537e-05
