institution_count	pct_pop_18_to_64_latinx	pct_pop_18_to_64_white	pct_pop_18_to_64_black	pct_pop_18_to_64_all
0	1.0023966177658494	1.009172575985865	0.9979065994684654	1.0035289942648553
1	0.989797633434989	0.9751470906141853	0.9903496349380486	0.9847961681650549
2	0.9778097440517638	0.9412933685595888	0.9784680504076464	0.9655612671398964
3	0.9719345583688358	0.9268194446313768	0.9742320325206976	0.9570282547714218
4	0.9663142492227904	0.9149781107968535	0.9706845828075553	0.949729198653535
5	0.960569802065006	0.8999478848496009	0.9664009610048453	0.9411813077160983
6	0.934336946814007	0.8414106025282144	0.9506583739811514	0.9058602800713773
7	0.6786585810124535	0.4577216241557927	0.6583263121875956	0.5899937185485885
8	0.03721645865050711	0.00550570058229897	0.02638942519800535	0.02069093861402159
