institution_count	pct_pop_18_to_64_latinx	pct_pop_18_to_64_white	pct_pop_18_to_64_black	pct_pop_18_to_64_all
0	1.0023966177658494	1.0091725759858652	0.9979065994684654	1.0035289942648553
1	0.09674131108341968	0.08673138046082449	0.080370443169967	0.09043752312659731
2	0.00573562378934214	0.008340452071089494	0.01079818781254329	0.0075693321797809755
