institution_count	pct_pop_18_to_64_latinx	pct_pop_18_to_64_white	pct_pop_18_to_64_black	pct_pop_18_to_64_all
0	1.0023966177658494	1.0091725759858652	0.9979065994684656	1.003528994264855
1	0.13661852357865858	0.11204664135970727	0.1478667859172163	0.12821519858813957
2	0.05192854032244375	0.065377804222572	0.08922865096516001	0.06593168951368605
3	0.028445254146988674	0.047378387127610146	0.06569543791096608	0.04462007355700484
4	0.01447270510431153	0.03648597406124198	0.05007840880770645	0.03168193124230778
5	0.009350706190636235	0.026402665894570895	0.03268313499230743	0.02192463782100327
