institution_count	pct_pop_18_to_64_latinx	pct_pop_18_to_64_white	pct_pop_18_to_64_black	pct_pop_18_to_64_all
0	1.0023966177658494	1.0091725759858652	0.9979065994684654	1.0035289942648553
1	0.09590590861507595	0.07438070109817009	0.0699443266675271	0.08427788335445986
2	0.015265587393503107	0.022320077902565138	0.01267361542701134	0.018323961590495604
3	0.004663392435543763	0.0044647908839018915	0.002998472648638666	0.004516626045995594
