institution_count	pct_pop_18_to_64_latinx	pct_pop_18_to_64_white	pct_pop_18_to_64_black	pct_pop_18_to_64_all
0	1.0023966177658494	1.0091725759858652	0.9979065994684655	1.0035289942648553
1	0.025997370945106874	0.06386291234038359	0.03437796863942819	0.0467155561800402
2	0.0006097823666505478	0.003243565787075221	0.00038950352810421056	0.001708187247815414
3	6.749158518371955e-05	0.00048276860444809825	6.225467125935578e-05	0.00023485703584187845
